entity_group,term_type,score_type,score,score,score,score,score,score,score,score
,,,count,mean,std,min,25%,50%,75%,max
candidate,aapp,ic,152.0,0.9637868413625414,0.07313033403671619,0.6188625195198456,0.9814669947314499,0.9864265200092392,0.9880273421379762,0.9990631260470695
candidate,aapp,identity,152.0,5.031759117729962,3.0008189120625612,-0.016719616949558258,2.197336435317993,5.6063456535339355,7.757808804512024,12.059414863586426
candidate,aapp,similarity,152.0,0.846988389473684,0.07703670526135184,0.7041831000000001,0.7807968999999999,0.858827,0.9056352000000001,1.0
candidate,anab,ic,30.0,0.9848348896158792,0.0323173588382612,0.8389740261215356,0.9934396525934739,0.9945040613173882,0.9957581984230648,0.998851399029627
candidate,anab,identity,30.0,1.7274093441665173,0.6726779422824655,0.08673874288797379,1.3313798010349274,1.613054633140564,1.980135440826416,3.3828094005584717
candidate,anab,similarity,30.0,0.84738623,0.05375026506216696,0.7592943999999999,0.815376725,0.8422474999999999,0.8707111,1.0
candidate,bacs,ic,314.0,0.9661401703735673,0.055477035980484465,0.6188625195198456,0.9773174347297678,0.9814669947314499,0.9843305673140025,0.9958504399983178
candidate,bacs,identity,314.0,6.4111504676710265,3.2978641400492887,-0.009390600025653839,3.8192317485809326,6.899820804595947,8.720450401306152,12.390130043029785
candidate,bacs,similarity,314.0,0.8278897996815286,0.08709105833041487,0.7001423,0.7491479000000001,0.8109843999999999,0.8951057,1.0
candidate,bhvr,ic,76.0,0.970691831698421,0.04495102375688946,0.7824620512211584,0.9773174347297678,0.9814669947314499,0.9814669947314499,0.9911552844516623
candidate,bhvr,identity,76.0,3.6230358073585913,3.3467193359181833,0.5598230361938477,1.2089890241622925,1.5126051902770996,7.109287738800049,10.727788925170898
candidate,bhvr,similarity,76.0,0.7609473578947368,0.06631591661862032,0.7011513,0.7215604,0.7373369999999999,0.7802395,1.0
candidate,bpoc,ic,129.0,0.9638976022579846,0.05484472032130927,0.7171933314437271,0.9610687976030291,0.9864265200092392,0.9952712355575767,0.9981348081401292
candidate,bpoc,identity,129.0,9.302621819252192,3.4660873714817364,1.077539086341858,7.964985370635986,10.669681549072266,11.822031021118164,13.551431655883789
candidate,bpoc,similarity,129.0,0.8043498713178295,0.06563846126203512,0.7036598000000001,0.7527226,0.8066291000000001,0.8383832,1.0
candidate,cell,ic,8.0,0.9061230772324717,0.12559725176857595,0.6548342286392932,0.8970397185810604,0.9622909957533352,0.9834227691965354,0.9911552844516623
candidate,cell,identity,8.0,5.890329152345657,3.29523417004702,0.8891358375549316,3.310129940509796,7.736770391464233,8.064760208129883,8.885196685791016
candidate,cell,similarity,8.0,0.7907627375,0.10070200246712274,0.700952,0.70617895,0.7754846000000001,0.8256393750000001,1.0
candidate,clna,ic,30.0,0.9550168178060783,0.05672157626571319,0.8114837448675725,0.9495698077944559,0.9853785436616209,0.9880273421379762,0.9950404747222108
candidate,clna,identity,30.0,6.356743383407593,4.3671257168357185,0.8316435813903809,2.151504874229431,5.1113520860672,10.769038200378418,12.325180053710938
candidate,clna,similarity,30.0,0.79520579,0.07505918432584799,0.7044653999999999,0.7307240500000001,0.78408715,0.8482352500000001,1.0
candidate,dsyn,ic,7831.0,0.9714932960525393,0.058831197982143306,0.6052890395290849,0.9814669947314499,0.9918636504146402,0.9952712355575767,0.999134887507391
candidate,dsyn,identity,7831.0,4.090848949257498,2.8355989069494223,-0.825237512588501,2.3681933879852295,3.4826812744140625,4.863749027252197,16.770727157592773
candidate,dsyn,similarity,7831.0,0.8589122670157068,0.1002705363757159,0.7002466,0.7736647000000001,0.8386079,1.0,1.0
candidate,fndg,ic,266.0,0.972029785268736,0.0379631182887714,0.7302976775018746,0.9773174347297678,0.9843305673140025,0.9864265200092392,0.9958504399983178
candidate,fndg,identity,266.0,5.315077175715364,3.68718976329175,-0.2702769339084625,1.8810924291610718,4.2757885456085205,8.562209129333496,14.242279052734375
candidate,fndg,similarity,266.0,0.7794552759398496,0.06122465198229883,0.7008137999999999,0.7368474250000001,0.7621663,0.816536575,1.0
candidate,gngm,ic,20.0,0.9755861645821009,0.0402915889725669,0.804647548976095,0.9843305673140025,0.9843305673140025,0.9864265200092392,0.9864265200092392
candidate,gngm,identity,20.0,2.081911528110504,2.0886404308068167,0.9030611515045166,1.1908539533615112,1.1908539533615112,2.261195123195648,10.631998062133789
candidate,gngm,similarity,20.0,0.8716066799999999,0.07818078194784457,0.7577875000000001,0.786880075,0.9032139,0.94343,0.94343
candidate,hops,ic,8.0,0.9847926641669993,0.0013070072732757477,0.9843305673140025,0.9843305673140025,0.9843305673140025,0.9843305673140025,0.9880273421379762
candidate,hops,identity,8.0,2.2771572172641754,2.2726424300133474,0.18388572335243225,1.4467743262648582,1.9001575112342834,2.1276178658008575,7.507387161254883
candidate,hops,similarity,8.0,0.79236245,0.07623644399543157,0.7023212000000001,0.7499345249999999,0.7669822,0.8188107,0.9186951000000001
candidate,horm,ic,106.0,0.9769166238072357,0.028368060966649185,0.7738667839067731,0.9814669947314499,0.9814669947314499,0.9836146741683643,0.9981348081401292
candidate,horm,identity,106.0,3.3227131872806908,2.0299443892597626,0.2087564766407013,2.4961145520210266,2.8002798557281494,3.73762845993042,11.556588172912598
candidate,horm,similarity,106.0,0.806087362264151,0.07834705897865989,0.7076218999999999,0.7547586,0.7729855000000001,0.85851945,1.0
candidate,inpo,ic,5.0,0.9873310847206312,0.005001983197592959,0.9814669947314499,0.9830189348663024,0.9880273421379762,0.9911552844516623,0.9929868674157654
candidate,inpo,identity,5.0,6.103410315513611,5.8804773870033165,1.4083880186080933,1.6649718284606934,2.8231759071350098,10.216548919677734,14.403966903686523
candidate,inpo,similarity,5.0,0.79665292,0.05703523607834022,0.7078936,0.7906283999999999,0.7920290000000001,0.8381339999999999,0.8545796000000001
candidate,medd,ic,10.0,0.9901684441407566,0.004090338230710504,0.9830189348663024,0.988598434173429,0.9903117102797875,0.9933440382544947,0.9954814736973059
candidate,medd,identity,10.0,10.16284966468811,3.358763259134271,1.375291347503662,9.76710820198059,10.864889144897461,12.163298606872559,12.960172653198242
candidate,medd,similarity,10.0,0.86722005,0.018388350601414857,0.8557105,0.856596675,0.8576584500000001,0.869452925,0.9109096999999999
candidate,mobd,ic,1708.0,0.9658608115656875,0.06047239163982928,0.6038050700449251,0.9744538621472154,0.9864265200092392,0.9924669168993623,0.9965539037354343
candidate,mobd,identity,1708.0,4.14181900928255,2.1400674973932166,-0.4162063002586365,2.8767396211624146,3.8935585021972656,5.025008201599121,11.492380142211914
candidate,mobd,similarity,1708.0,0.8503968617096018,0.07286414315475889,0.7052928999999999,0.7852007000000001,0.8572351,0.9033636999999999,1.0
candidate,neop,ic,1516.0,0.9621614284401397,0.060790808743953824,0.6368706932317131,0.9607973685917562,0.9875374611689964,0.9950404747222108,0.9990631260470695
candidate,neop,identity,1516.0,3.3193714519702193,1.994730980764371,-0.6583721041679382,1.8881931006908417,3.139801502227783,4.318938255310059,13.264669418334961
candidate,neop,similarity,1516.0,0.8800775687335093,0.05830774838447171,0.7008101,0.8611462000000001,0.8876928000000001,0.91944,1.0
candidate,orch,ic,223.0,0.9670464585593337,0.0468176575049433,0.7766518924913551,0.9773174347297678,0.9814669947314499,0.9843305673140025,0.9911552844516623
candidate,orch,identity,223.0,5.742627471919285,3.3887634890099254,-0.3740100562572479,2.383135199546814,6.79604959487915,8.720450401306152,13.010950088500977
candidate,orch,similarity,223.0,0.8386925058295964,0.07811587505918538,0.7000066,0.7730607,0.8367628,0.9060132999999999,1.0
candidate,orga,ic,77.0,0.973367320960891,0.029988940030294918,0.8817655988391513,0.9773174347297678,0.9843305673140025,0.9843305673140025,0.9880273421379762
candidate,orga,identity,77.0,4.5378606799361,3.5666726219989786,1.0433030128479004,2.2493205070495605,2.5646402835845947,7.40754508972168,11.253796577453613
candidate,orga,similarity,77.0,0.8359353584415584,0.08845203883631446,0.7020816000000001,0.7739704999999999,0.7857987,0.8316984999999999,1.0
candidate,orgf,ic,190.0,0.974362048349064,0.0299452648869373,0.7968933430901446,0.9796018028715792,0.9814669947314499,0.9843305673140025,0.9945040613173882
candidate,orgf,identity,190.0,6.3196152216509764,3.22597788808748,0.841716468334198,3.441167116165161,6.676581859588623,9.211733341217041,12.656131744384766
candidate,orgf,similarity,190.0,0.8577586536842106,0.08256144175533542,0.7039789999999999,0.7847679249999999,0.8806019,0.9095198,1.0
candidate,ortf,ic,47.0,0.9696894409203949,0.0428282751424384,0.7974692659017165,0.9733306451460901,0.9880273421379762,0.9924669168993623,0.9950404747222108
candidate,ortf,identity,47.0,9.26494031383636,4.152327260479115,0.3622257113456726,6.270888805389404,10.960432052612305,12.33318567276001,14.716169357299805
candidate,ortf,similarity,47.0,0.789024880851064,0.05192849829765774,0.7000637999999999,0.753956,0.7833766,0.8250535000000001,0.9010024000000001
candidate,patf,ic,303.0,0.978885899639362,0.04185571134437836,0.6997293670440182,0.9843305673140025,0.9903117102797875,0.9929868674157654,0.9984713981970886
candidate,patf,identity,303.0,4.622895520696841,3.0441285741853963,-0.521893322467804,2.259507894515991,4.071588039398193,6.655281066894531,12.126503944396973
candidate,patf,similarity,303.0,0.8261058009900991,0.07645004139527051,0.7020164,0.76979565,0.8246503999999999,0.8759496,1.0
candidate,phsf,ic,42.0,0.9473282304598359,0.08671271705302919,0.6229290659568294,0.9587844294612178,0.9814669947314499,0.9843305673140025,0.9903117102797875
candidate,phsf,identity,42.0,7.349266009671347,3.585783315098267,0.3193977475166321,6.021295547485352,8.704334259033203,9.671309471130371,13.194025993347168
candidate,phsf,similarity,42.0,0.796444061904762,0.0802912620320845,0.7026258999999999,0.7344539999999999,0.7856734000000001,0.8142864000000001,1.0
candidate,phsu,ic,488.0,0.9758292289921884,0.03132133320691681,0.7804882007680191,0.9814669947314499,0.9814669947314499,0.9843305673140025,0.9958504399983178
candidate,phsu,identity,488.0,5.031189404473808,3.595372855920144,-0.3740100562572479,1.9724164009094238,3.810412049293518,8.854532241821289,12.390130043029785
candidate,phsu,similarity,488.0,0.7951475467213115,0.07508300528027123,0.7000066,0.7396455,0.7729855000000001,0.824673,1.0
candidate,sosy,ic,562.0,0.9762540368349819,0.03140606680917405,0.8509466839835594,0.9814669947314499,0.9864265200092392,0.9892900925917917,0.9958504399983178
candidate,sosy,identity,562.0,4.236691362241091,3.147734676305162,-0.4320323169231415,0.9412444829940796,4.604588508605957,6.594330787658691,12.100337982177734
candidate,sosy,similarity,562.0,0.7924445651245552,0.0766193175103163,0.7004203,0.7289669999999999,0.7698910999999999,0.8415427,1.0
candidate,topp,ic,60.0,0.982887498435361,0.015387966100216116,0.946522581918157,0.9843305673140025,0.9897066937125023,0.9929868674157654,0.9934396525934739
candidate,topp,identity,60.0,10.82032651901245,4.442361587409072,1.337050437927246,11.698343276977539,12.616384029388428,13.238663673400879,14.759062767028809
candidate,topp,similarity,60.0,0.78852388,0.04289307093997777,0.7432209999999999,0.7569318,0.7813562500000001,0.8077259999999999,0.8953954
not_select,aapp,ic,128.0,0.9637746153755927,0.07677431806877748,0.6188625195198456,0.9814669947314499,0.9864265200092392,0.9880273421379762,0.9976081224834672
not_select,aapp,identity,128.0,5.789050588384271,2.650564156002589,1.5167326927185059,2.872045159339905,6.635576009750366,7.78161096572876,12.059414863586426
not_select,aapp,similarity,128.0,0.8314119757812501,0.0691586043943381,0.7041831000000001,0.7691689500000001,0.84786355,0.87642975,0.9569087000000001
not_select,anab,ic,19.0,0.9891413217645969,0.02075819490372001,0.9068589515142275,0.9934396525934739,0.9952712355575767,0.9958504399983178,0.998851399029627
not_select,anab,identity,19.0,2.0705651233070776,0.545251858982433,1.519212007522583,1.6791783571243286,1.8936166763305664,2.2743477821350098,3.3828094005584717
not_select,anab,similarity,19.0,0.8389990578947368,0.03251723144714225,0.775274,0.8179823,0.8377505999999999,0.8669939,0.89514
not_select,bacs,ic,280.0,0.9683683443059821,0.05275875221882156,0.6188625195198456,0.9773174347297678,0.9814669947314499,0.9864265200092392,0.9958504399983178
not_select,bacs,identity,280.0,7.105179321340152,2.7754243397384593,1.5738886594772339,3.9387011528015137,7.7555389404296875,8.843732833862305,12.390130043029785
not_select,bacs,similarity,280.0,0.8099511910714285,0.07260719902534246,0.7001423,0.74787375,0.8057711000000001,0.8711351,1.0
not_select,bhvr,ic,40.0,0.980894679319724,0.007059332454804487,0.9657975620454524,0.9773174347297678,0.9805343988015145,0.9843305673140025,0.9911552844516623
not_select,bhvr,identity,40.0,5.842321538925171,3.2894170490274295,1.5126051902770996,1.798736572265625,5.956501483917236,8.344223022460938,10.727788925170898
not_select,bhvr,similarity,40.0,0.7315190599999999,0.022637781293304477,0.7011513,0.7158241000000001,0.7288747,0.7445054,0.7802395
not_select,bpoc,ic,120.0,0.9630548750531815,0.056551113573285336,0.7171933314437271,0.9574380507802882,0.9861917618451604,0.9952712355575767,0.9981348081401292
not_select,bpoc,identity,120.0,9.897886689503988,2.7926885506156807,1.5570836067199707,9.04271650314331,10.806926250457764,11.895575761795044,13.551431655883789
not_select,bpoc,similarity,120.0,0.7987759091666667,0.05711897079231303,0.7036598000000001,0.7522044999999999,0.8065770499999999,0.835413575,0.9393672
not_select,cell,ic,6.0,0.9711242979123736,0.0231639139825688,0.9402514241926678,0.9527029962642779,0.9814669947314499,0.9873343181267062,0.9911552844516623
not_select,cell,identity,6.0,7.467398166656494,1.798481151002145,3.9371371269226074,7.676472544670105,7.866314649581909,8.443754196166992,8.885196685791016
not_select,cell,similarity,6.0,0.7699662500000001,0.05912334050175957,0.700952,0.7180853,0.7754846000000001,0.8141903750000001,0.8418318
not_select,clna,ic,28.0,0.9600084414233415,0.052674729994110034,0.8114837448675725,0.9701283050789473,0.9864265200092392,0.9880273421379762,0.9950404747222108
not_select,clna,identity,28.0,6.737763902970722,4.268900533588623,1.503011703491211,2.375943899154663,7.9810028076171875,10.929404497146606,12.325180053710938
not_select,clna,similarity,28.0,0.788499067857143,0.06663700391189102,0.7044653999999999,0.727166,0.78408715,0.83976355,0.8994021000000001
not_select,dsyn,ic,6777.0,0.9755814668378682,0.05141060377483509,0.6055551394305858,0.982276960007557,0.9918636504146402,0.9952712355575767,0.999134887507391
not_select,dsyn,identity,6777.0,4.591036491202661,2.719704603116987,1.500535011291504,2.728292465209961,3.737362861633301,5.189776420593262,16.770727157592773
not_select,dsyn,similarity,6777.0,0.8506228920613842,0.10055853469537512,0.7002466,0.7692977999999999,0.8272455000000001,0.9594952000000001,1.0
not_select,fndg,ic,233.0,0.974186231837354,0.0340178875204692,0.7526229485401934,0.9773174347297678,0.9843305673140025,0.9864265200092392,0.9958504399983178
not_select,fndg,identity,233.0,5.93642536406865,3.518700397099911,1.5694694519042969,2.4959664344787598,5.655165195465088,9.074895858764648,14.242279052734375
not_select,fndg,similarity,233.0,0.7690790236051503,0.04931141298878854,0.7008137999999999,0.7351631999999999,0.7612344,0.7926150000000001,0.9410278000000001
not_select,gngm,ic,9.0,0.9848633410584325,0.0032707141750599805,0.9773174347297678,0.9864265200092392,0.9864265200092392,0.9864265200092392,0.9864265200092392
not_select,gngm,identity,9.0,3.2029588752322726,2.7893930683667194,2.023963212966919,2.2459144592285156,2.291410207748413,2.340460777282715,10.631998062133789
not_select,gngm,similarity,9.0,0.7927595333333334,0.03263548690306303,0.7577875000000001,0.7731572,0.7816209999999999,0.8100301999999999,0.8477427
not_select,hops,ic,6.0,0.9849466964513315,0.0015092020021171032,0.9843305673140025,0.9843305673140025,0.9843305673140025,0.9843305673140025,0.9880273421379762
not_select,hops,identity,6.0,2.947625458240509,2.2517662878152764,1.8131593465805054,1.881660133600235,1.954971194267273,2.4372733533382416,7.507387161254883
not_select,hops,similarity,6.0,0.7538583666666666,0.03120339481208201,0.7023212000000001,0.7442005749999999,0.7549073999999999,0.77196665,0.7927295000000001
not_select,horm,ic,95.0,0.9787093569164248,0.021215528144906775,0.816664489175706,0.9814669947314499,0.9814669947314499,0.9843305673140025,0.9981348081401292
not_select,horm,identity,95.0,3.6394045014130443,1.9001918683330432,1.553998351097107,2.6306004524230957,3.080639600753784,3.8292957544326782,11.556588172912598
not_select,horm,similarity,95.0,0.7861744768421052,0.05230958204922667,0.7076218999999999,0.7547586,0.7670025,0.8480970000000001,0.9067601999999999
not_select,inpo,ic,4.0,0.9884091221842134,0.005060831558096425,0.9814669947314499,0.9863872552863446,0.9895913132948193,0.9916131801926881,0.9929868674157654
not_select,inpo,identity,4.0,7.27716588973999,6.076347977628213,1.6649718284606934,2.5336248874664307,6.519862413406372,11.263403415679932,14.403966903686523
not_select,inpo,similarity,4.0,0.79815905,0.06574370455668488,0.7078936,0.7709951500000001,0.8150815,0.8422453999999999,0.8545796000000001
not_select,medd,ic,9.0,0.9908170971215069,0.003753502356553596,0.9830189348663024,0.9903117102797875,0.9903117102797875,0.9938375008677794,0.9954814736973059
not_select,medd,identity,9.0,11.13924503326416,1.4022438829552815,9.1003999710083,9.986855506896973,11.104875564575195,12.355941772460938,12.960172653198242
not_select,medd,similarity,9.0,0.8623656444444445,0.010737260729360966,0.8557105,0.8565586000000001,0.8572493000000001,0.8618132000000001,0.8874707
not_select,mobd,ic,1531.0,0.9680580173503675,0.058009151861537746,0.6038050700449251,0.9814669947314499,0.9880273421379762,0.9924669168993623,0.9965539037354343
not_select,mobd,identity,1531.0,4.520368412536083,1.9253332711993303,1.5322535037994385,3.279239773750305,4.069351673126221,5.171573877334595,11.492380142211914
not_select,mobd,similarity,1531.0,0.8390620310254735,0.06572869703302857,0.7052928999999999,0.7752893000000001,0.8499985000000001,0.8935637000000001,0.9713445
not_select,neop,ic,1270.0,0.9637536197287574,0.060986617520343726,0.6368706932317131,0.9639566131020105,0.9880273421379762,0.9950404747222108,0.998494044984377
not_select,neop,identity,1270.0,3.776549752866189,1.8526228260499096,1.5108402967453003,2.594859540462494,3.4178309440612793,4.536053657531738,13.264669418334961
not_select,neop,similarity,1270.0,0.8729444995275591,0.056062298274076494,0.7008101,0.856628975,0.8809674999999999,0.9076494499999999,1.0
not_select,orch,ic,187.0,0.972068548540546,0.038454020315211564,0.7804882007680191,0.9773174347297678,0.9814669947314499,0.9864265200092392,0.9911552844516623
not_select,orch,identity,187.0,6.72513726050841,2.7634866280255332,1.553998351097107,4.198412895202637,7.9637532234191895,8.849132537841797,13.010950088500977
not_select,orch,similarity,187.0,0.8278099074866311,0.07412331959855707,0.7000066,0.76926375,0.8232499,0.8951057,1.0
not_select,orga,ic,69.0,0.9824709855377584,0.007400727093636395,0.9383862323327972,0.9843305673140025,0.9843305673140025,0.9864265200092392,0.9880273421379762
not_select,orga,identity,69.0,4.940142334371373,3.554817179647993,1.8373537063598633,2.30486798286438,2.8365888595581055,7.40754508972168,11.253796577453613
not_select,orga,similarity,69.0,0.8169133710144928,0.07218253658542899,0.7020816000000001,0.7739704999999999,0.7857987,0.8276602,1.0
not_select,orgf,ic,173.0,0.9752957238779923,0.03098384375525068,0.7968933430901446,0.9814669947314499,0.9814669947314499,0.9864265200092392,0.9945040613173882
not_select,orgf,identity,173.0,6.836198117691658,2.903893236793587,2.459475040435791,4.2124924659729,6.696329116821289,9.440250396728516,12.656131744384766
not_select,orgf,similarity,173.0,0.8437811803468209,0.07275895396697542,0.7039789999999999,0.7608039,0.8782064,0.8914348000000001,0.9364345999999999
not_select,ortf,ic,45.0,0.9706194893045247,0.0434690745594305,0.7974692659017165,0.9754858517656649,0.9892900925917917,0.9924669168993623,0.9950404747222108
not_select,ortf,identity,45.0,9.640439417627123,3.824575259345728,1.815017819404602,8.283402442932129,11.092303276062012,12.340777397155762,14.716169357299805
not_select,ortf,similarity,45.0,0.78653298,0.05027735587865936,0.7000637999999999,0.7529870999999999,0.7754000000000001,0.8218373000000001,0.8797419
not_select,patf,ic,249.0,0.9854628280360739,0.024051455277583223,0.7951848977599051,0.9864265200092392,0.9911552844516623,0.9934396525934739,0.9984713981970886
not_select,patf,identity,249.0,5.432299905991458,2.74390600207742,1.535200595855713,3.1589438915252686,5.012885093688965,7.305158615112305,12.126503944396973
not_select,patf,similarity,249.0,0.8099110437751004,0.06187810516485774,0.7020164,0.7611235000000001,0.8156072000000001,0.8650419,0.9395232
not_select,phsf,ic,38.0,0.9457532025342045,0.09091460606147546,0.6229290659568294,0.9605377126072765,0.9814669947314499,0.9859025318354301,0.9903117102797875
not_select,phsf,identity,38.0,8.053210258483887,2.9818510093104176,2.0355236530303955,6.885568380355835,8.864322662353516,9.79964566230774,13.194025993347168
not_select,phsf,similarity,38.0,0.7855619684210526,0.06914997990185597,0.7026258999999999,0.7257278249999999,0.7828767999999999,0.812733425,0.9462596999999999
not_select,phsu,ic,422.0,0.9747590580809066,0.033549297696919056,0.7804882007680191,0.9814669947314499,0.9814669947314499,0.9843305673140025,0.9958504399983178
not_select,phsu,identity,422.0,5.721710447734001,3.3722623083551655,1.553998351097107,2.6922430992126465,3.9717249870300293,9.282304525375366,12.390130043029785
not_select,phsu,similarity,422.0,0.7761707848341233,0.04710828946705188,0.7000066,0.7384729999999999,0.76766875,0.8101833,0.9465561
not_select,sosy,ic,383.0,0.9812028396227459,0.021281624713758565,0.8509466839835594,0.9814669947314499,0.9880273421379762,0.9892900925917917,0.9958504399983178
not_select,sosy,identity,383.0,5.918132350276718,2.3572534717523794,1.525417447090149,4.490868806838989,5.778787612915039,7.779603004455566,12.100337982177734
not_select,sosy,similarity,383.0,0.7757935130548304,0.06164790624868993,0.7004203,0.72943715,0.7535387,0.8157445000000001,1.0
not_select,topp,ic,54.0,0.9827271574488454,0.01622756655057435,0.946522581918157,0.9843305673140025,0.9929868674157654,0.9929868674157654,0.9934396525934739
not_select,topp,identity,54.0,11.874023861355251,3.2644160497284798,3.0071420669555664,12.413283348083496,12.79732608795166,13.238663673400879,14.759062767028809
not_select,topp,similarity,54.0,0.7766492666666667,0.024727052622629017,0.7432209999999999,0.7569318,0.7749687000000001,0.7906116999999999,0.8170601
select,aapp,ic,24.0,0.9638520466262671,0.05063904956299271,0.804647548976095,0.9710440965609988,0.9843305673140025,0.9843305673140025,0.9990631260470695
select,aapp,identity,24.0,0.992871274240315,0.3359110852679538,-0.016719616949558258,0.8752409517765045,1.1692063808441162,1.1908539533615112,1.269322156906128
select,aapp,similarity,24.0,0.9300625958333333,0.06325075184840288,0.7974851000000001,0.920220125,0.94343,0.9575724999999999,1.0
select,anab,ic,11.0,0.9773965068135483,0.046444272261732714,0.8389740261215356,0.9853785436616209,0.9945040613173882,0.9945040613173882,0.9965539037354343
select,anab,identity,11.0,1.1346857256510041,0.4085442617560934,0.08673874288797379,1.1274681091308594,1.280013918876648,1.348439633846283,1.49757981300354
select,anab,similarity,11.0,0.8618731636363637,0.07817022484616855,0.7592943999999999,0.80882935,0.8467444,0.8823824499999999,1.0
select,bacs,ic,34.0,0.9477905026948555,0.0725905322315849,0.7766518924913551,0.9773174347297678,0.9814669947314499,0.9814669947314499,0.9814669947314499
select,bacs,identity,34.0,0.6956187315723475,0.5356977173080424,-0.009390600025653839,0.04544689506292343,0.9857664108276367,1.2129104137420654,1.3449337482452393
select,bacs,similarity,34.0,0.9756195176470587,0.04641855880942364,0.8539194000000001,1.0,1.0,1.0,1.0
select,bhvr,ic,36.0,0.9593553343414174,0.06342837383532675,0.7824620512211584,0.9814669947314499,0.9814669947314499,0.9814669947314499,0.9814669947314499
select,bhvr,identity,36.0,1.1571627722846136,0.2473411232407191,0.5598230361938477,1.1907824277877808,1.2089890241622925,1.2526146173477173,1.4791918992996216
select,bhvr,similarity,36.0,0.7936454666666667,0.08223968231221297,0.7260112000000001,0.7371711999999999,0.7753558,0.8027011,1.0
select,bpoc,ic,9.0,0.9751339649886902,0.020093027363031077,0.9295415167844596,0.9626207377378818,0.9864265200092392,0.9864265200092392,0.9892900925917917
select,bpoc,identity,9.0,1.3657568825615778,0.1589908390464457,1.077539086341858,1.2033125162124634,1.4520812034606934,1.4757139682769775,1.498953938484192
select,bpoc,similarity,9.0,0.8786693666666667,0.11714881417903894,0.749749,0.7864921,0.8137592,1.0,1.0
select,cell,ic,2.0,0.7111194151927656,0.07959927418462039,0.6548342286392932,0.6829768219160294,0.7111194151927656,0.7392620084695017,0.7674046017462379
select,cell,identity,2.0,1.159122109413147,0.3818182473164376,0.8891358375549316,1.0241289734840393,1.159122109413147,1.2941152453422546,1.4291083812713623
select,cell,similarity,2.0,0.8531522,0.20767415036465176,0.7063044,0.7797283,0.8531522,0.9265761,1.0
select,clna,ic,2.0,0.8851340871643951,0.08901121664113935,0.8221936522757807,0.8536638697200879,0.8851340871643951,0.9166043046087025,0.9480745220530097
select,clna,identity,2.0,1.0224561095237732,0.2698496651569412,0.8316435813903809,0.927049845457077,1.0224561095237732,1.1178623735904694,1.2132686376571655
select,clna,similarity,2.0,0.8890999,0.1568364254885324,0.7781998000000001,0.83364985,0.8890999,0.9445499500000001,1.0
select,dsyn,ic,1054.0,0.945207211221255,0.08904711982756963,0.6052890395290849,0.9460615829224711,0.9892900925917917,0.9938375008677794,0.9983197947322628
select,dsyn,identity,1054.0,0.8747474580218545,0.47743454895811044,-0.825237512588501,0.6182790547609329,0.948192834854126,1.3257458209991455,1.4896820783615112
select,dsyn,similarity,1054.0,0.9122112177419356,0.08003643406750781,0.7007277000000001,0.8567891000000001,0.9261041,1.0,1.0
select,fndg,ic,33.0,0.9568039655569779,0.057202911780069476,0.7302976775018746,0.9383862323327972,0.9843305673140025,0.9864265200092392,0.9918636504146402
select,fndg,identity,33.0,0.9279823912815615,0.4042382117667166,-0.2702769339084625,0.6704733371734619,1.0750198364257812,1.160948395729065,1.4586583375930786
select,fndg,similarity,33.0,0.8527179060606062,0.08422359365932942,0.7191612000000001,0.7784152,0.8540626,0.9332786,1.0
select,gngm,ic,11.0,0.9679957474651016,0.05417646845685343,0.804647548976095,0.9843305673140025,0.9843305673140025,0.9843305673140025,0.9843305673140025
select,gngm,identity,11.0,1.1646909713745117,0.08677279464770436,0.9030611515045166,1.1908539533615112,1.1908539533615112,1.1908539533615112,1.1908539533615112
select,gngm,similarity,11.0,0.9361179818181817,0.024251220769347583,0.8629978,0.94343,0.94343,0.94343,0.94343
select,hops,ic,2.0,0.9843305673140025,0.0,0.9843305673140025,0.9843305673140025,0.9843305673140025,0.9843305673140025,0.9843305673140025
select,hops,identity,2.0,0.26575249433517456,0.11577709783148633,0.18388572335243225,0.2248191088438034,0.26575249433517456,0.3066858798265457,0.34761926531791687
select,hops,similarity,2.0,0.9078747,0.015302356430301927,0.8970543,0.9024645,0.9078747,0.9132849000000001,0.9186951000000001
select,horm,ic,11.0,0.961433928773329,0.06264740939188468,0.7738667839067731,0.9814669947314499,0.9814669947314499,0.9814669947314499,0.9864265200092392
select,horm,identity,11.0,0.5876518379558217,0.38055437251396446,0.2087564766407013,0.36788997054100037,0.36788997054100037,0.7917803525924683,1.4564391374588013
select,horm,similarity,11.0,0.9780622818181819,0.04930233470773605,0.8637756000000001,1.0,1.0,1.0,1.0
select,inpo,ic,1.0,0.9830189348663024,,0.9830189348663024,0.9830189348663024,0.9830189348663024,0.9830189348663024,0.9830189348663024
select,inpo,identity,1.0,1.4083880186080933,,1.4083880186080933,1.4083880186080933,1.4083880186080933,1.4083880186080933,1.4083880186080933
select,inpo,similarity,1.0,0.7906283999999999,,0.7906283999999999,0.7906283999999999,0.7906283999999999,0.7906283999999999,0.7906283999999999
select,medd,ic,1.0,0.9843305673140025,,0.9843305673140025,0.9843305673140025,0.9843305673140025,0.9843305673140025,0.9843305673140025
select,medd,identity,1.0,1.375291347503662,,1.375291347503662,1.375291347503662,1.375291347503662,1.375291347503662,1.375291347503662
select,medd,similarity,1.0,0.9109096999999999,,0.9109096999999999,0.9109096999999999,0.9109096999999999,0.9109096999999999,0.9109096999999999
select,mobd,ic,177.0,0.9468556022078055,0.07622029804011018,0.6997293670440182,0.9444437752302686,0.9645945881910211,0.9924669168993623,0.9941898412701965
select,mobd,identity,177.0,0.8674736059991653,0.4075441117216308,-0.4162063002586365,0.6615191102027893,0.9141097068786621,1.1113336086273193,1.4837994575500488
select,mobd,similarity,177.0,0.9484399451977402,0.05613864390737324,0.758465,0.9349415999999999,0.9637357,1.0,1.0
select,neop,ic,246.0,0.9539415791045932,0.0592124621322705,0.7047913166420936,0.9309940564669105,0.9825840738118913,0.9943513188328655,0.9990631260470695
select,neop,identity,246.0,0.9591420123853335,0.3875741430504443,-0.6583721041679382,0.8023400902748108,1.0334264039993286,1.2410835921764374,1.4962894916534424
select,neop,similarity,246.0,0.9169027634146343,0.05584329792881369,0.7084478000000001,0.8835560500000001,0.91944,0.9500135999999999,1.0
select,orch,ic,36.0,0.9409594911569243,0.07217922358144967,0.7766518924913551,0.9028721619305498,0.9773174347297678,0.9843305673140025,0.9843305673140025
select,orch,identity,36.0,0.6390349589702156,0.553798304894539,-0.3740100562572479,0.04544689506292343,0.7898979783058167,1.2966912984848022,1.3046135902404785
select,orch,similarity,36.0,0.8952215583333333,0.0747461594430161,0.8091173,0.8094566999999999,0.8842327,0.9752282999999999,1.0
select,orga,ic,8.0,0.8948482139854123,0.03700322354229994,0.8817655988391513,0.8817655988391513,0.8817655988391513,0.8817655988391513,0.9864265200092392
select,orga,identity,8.0,1.0681814104318619,0.07036673454669676,1.0433030128479004,1.0433030128479004,1.0433030128479004,1.0433030128479004,1.2423301935195923
select,orga,similarity,8.0,1.0,0.0,1.0,1.0,1.0,1.0,1.0
select,orgf,ic,17.0,0.9648605267899685,0.01292903973420383,0.9522240820546917,0.9522240820546917,0.9587844294612178,0.9814669947314499,0.9814669947314499
select,orgf,identity,17.0,1.0626245737075806,0.1813704748876294,0.841716468334198,0.841716468334198,1.1083418130874634,1.2728536128997803,1.2728536128997803
select,orgf,similarity,17.0,1.0,0.0,1.0,1.0,1.0,1.0,1.0
select,ortf,ic,2.0,0.9487633522774759,0.017906048171739655,0.9361018641909858,0.9424326082342309,0.9487633522774759,0.955094096320721,0.961424840363966
select,ortf,identity,2.0,0.8162104785442352,0.6420314148829995,0.3622257113456726,0.5892180949449539,0.8162104785442352,1.0432028621435165,1.2701952457427979
select,ortf,similarity,2.0,0.84509265,0.07906832671888928,0.7891828999999999,0.817137775,0.84509265,0.873047525,0.9010024000000001
select,patf,ic,54.0,0.9485589520323017,0.07832888683603784,0.6997293670440182,0.9400924116172121,0.9843305673140025,0.9919281152444686,0.9967727415041837
select,patf,identity,54.0,0.8906419662827695,0.5497623546128884,-0.521893322467804,0.3526724576950073,1.1573209762573242,1.3461823761463165,1.4758694171905518
select,patf,similarity,54.0,0.9007816259259258,0.092048957912368,0.7063413000000001,0.8404088249999999,0.9029429,1.0,1.0
select,phsf,ic,4.0,0.9622909957533352,0.022142536343989053,0.9431149967752205,0.9431149967752205,0.9622909957533352,0.9814669947314499,0.9814669947314499
select,phsf,identity,4.0,0.6617956459522247,0.3953670376635031,0.3193977475166321,0.3193977475166321,0.6617956459522247,1.0041935443878174,1.0041935443878174
select,phsf,similarity,4.0,0.89982395,0.11567333886770678,0.7996479000000001,0.7996479000000001,0.89982395,1.0,1.0
select,phsu,ic,66.0,0.9826718369400821,0.0022439659250537793,0.9773174347297678,0.9814669947314499,0.9843305673140025,0.9843305673140025,0.9864265200092392
select,phsu,identity,66.0,0.6160397036283305,0.5524424131636316,-0.3740100562572479,0.15834210813045502,0.36788997054100037,1.2129104137420654,1.4790831804275513
select,phsu,similarity,66.0,0.9164838121212122,0.10284481449373728,0.7288148000000001,0.8355166,0.98761415,1.0,1.0
select,sosy,ic,179.0,0.9656652576857436,0.04439840281328228,0.8509466839835594,0.9744538621472154,0.9864265200092392,0.9864265200092392,0.9903117102797875
select,sosy,identity,179.0,0.6389712593492183,0.450618121362216,-0.4320323169231415,0.2469942569732666,0.7615591287612915,0.9262765645980835,1.4573951959609985
select,sosy,similarity,179.0,0.8280722351955307,0.09204860631043357,0.7041314000000001,0.726994,0.8271040999999999,0.873318,1.0
select,topp,ic,6.0,0.9843305673140025,0.0,0.9843305673140025,0.9843305673140025,0.9843305673140025,0.9843305673140025,0.9843305673140025
select,topp,identity,6.0,1.337050437927246,0.0,1.337050437927246,1.337050437927246,1.337050437927246,1.337050437927246,1.337050437927246
select,topp,similarity,6.0,0.8953954,0.0,0.8953954,0.8953954,0.8953954,0.8953954,0.8953954
